1;admin;admin;admin@gmail.com;admin;admin;admin;1
2;Wojtek;Kowalski;wojtekkowalski@wp.pl;Hetmańska 4;Rzeszów;Wkowalski123;0
3;Karol;Nowak;knowak@gmail.com;Podwisłocze 13; Rzeszów;Knowak123;0
4;Kacper;Wiśniewski;kwisniewski@op.pl;Biecka 13;Kraków;Kwisniewski123;0
5;Matylda;Jaworska;mjaworska@gmail.com;Cicha 7;Wrocław;Mjaworska123;0
6;Julia;Wójcik;jwojcik@op.pl;Szkolna 7;Lublin;Jwojcik123;0